{
    "loss": 0.4605465531349182,
    "accuracy": 0.8965517282485962
}